<?xml version="1.0" encoding="UTF-8"?>
<!DOCTYPE fontscolors PUBLIC "-//NetBeans//DTD Editor Fonts and Colors settings 1.1//EN" "http://www.netbeans.org/dtds/EditorFontsColors-1_1.dtd">
<fontscolors>
    <fontcolor bgColor="white" foreColor="black" name="mark-occurrences"/>
    <fontcolor foreColor="white" name="identifier"/>
    <fontcolor name="static">
        <font style="italic"/>
    </fontcolor>
    <fontcolor foreColor="white" name="deprecated" strikeThrough="darkGray"/>
    <fontcolor foreColor="ff6699ff" name="constructor">
        <font style="bold"/>
    </fontcolor>
    <fontcolor foreColor="green" name="interface"/>
    <fontcolor foreColor="green" name="entity-reference"/>
    <fontcolor foreColor="white" name="separator"/>
    <fontcolor foreColor="white" name="operator"/>
    <fontcolor foreColor="white" name="enum"/>
    <fontcolor name="url" underline="blue"/>
    <fontcolor bgColor="black" foreColor="white" name="default"/>
    <fontcolor foreColor="lightGray" name="field">
        <font style="bold"/>
    </fontcolor>
    <fontcolor foreColor="ffff9900" name="method-parameter"/>
    <fontcolor name="warning" waveUnderlined="yellow"/>
    <fontcolor foreColor="ff6666ff" name="comment"/>
</fontscolors>
