<?xml version="1.0" encoding="UTF-8"?>
<!DOCTYPE fontscolors PUBLIC "-//NetBeans//DTD Editor Fonts and Colors settings 1.1//EN" "http://www.netbeans.org/dtds/EditorFontsColors-1_1.dtd">
<fontscolors>
    <fontcolor default="interface" foreColor="lightGray" name="mod-annotation-type"/>
    <fontcolor default="comment" name="javadoc-first-sentence">
        <font style="bold"/>
    </fontcolor>
    <fontcolor default="interface" foreColor="gray" name="mod-interface"/>
    <fontcolor default="interface" foreColor="gray" name="mod-annotation-type-declaration"/>
    <fontcolor default="interface" foreColor="white" name="mod-interface-declaration"/>
    <fontcolor default="whitespace" foreColor="white" name="whitespace"/>
</fontscolors>
