<?xml version="1.0" encoding="UTF-8"?>
<!DOCTYPE fontscolors PUBLIC "-//NetBeans//DTD Editor Fonts and Colors settings 1.1//EN" "http://www.netbeans.org/dtds/EditorFontsColors-1_1.dtd">
<fontscolors>
    <fontcolor bgColor="white" foreColor="black" name="mark-occurrences"/>
    <fontcolor foreColor="ff007c00" name="markup-attribute"/>
    <fontcolor name="private"/>
    <fontcolor foreColor="yellow" name="string"/>
    <fontcolor foreColor="white" name="deprecated" strikeThrough="darkGray"/>
    <fontcolor bgColor="red" foreColor="white" name="error"/>
    <fontcolor foreColor="green" name="interface"/>
    <fontcolor foreColor="green" name="entity-reference"/>
    <fontcolor foreColor="white" name="operator"/>
    <fontcolor foreColor="yellow" name="number"/>
    <fontcolor bgColor="black" foreColor="white" name="default"/>
    <fontcolor name="protected"/>
    <fontcolor name="public"/>
    <fontcolor foreColor="ffff9900" name="method-parameter"/>
    <fontcolor name="warning" waveUnderlined="yellow"/>
    <fontcolor foreColor="orange" name="keyword"/>
    <fontcolor name="class"/>
    <fontcolor name="local-variable"/>
    <fontcolor foreColor="white" name="identifier"/>
    <fontcolor name="static">
        <font style="italic"/>
    </fontcolor>
    <fontcolor name="method">
        <font style="bold"/>
    </fontcolor>
    <fontcolor foreColor="ff6699ff" name="constructor">
        <font style="bold"/>
    </fontcolor>
    <fontcolor foreColor="orange" name="markup-element"/>
    <fontcolor default="string" name="markup-attribute-value"/>
    <fontcolor name="abstract"/>
    <fontcolor foreColor="white" name="separator"/>
    <fontcolor foreColor="white" name="enum"/>
    <fontcolor name="url" underline="blue"/>
    <fontcolor foreColor="lightGray" name="field">
        <font style="bold"/>
    </fontcolor>
    <fontcolor foreColor="yellow" name="char"/>
    <fontcolor foreColor="ff6666ff" name="comment"/>
    <fontcolor foreColor="gray" name="unused"/>
    <fontcolor name="whitespace"/>
</fontscolors>
